Gram Flour (kg),Sugar (kg),Ghee (liters),Cashew Nuts (kg),Raisins (kg),Cardamom (g),Sugar Candy (kg),Purity
9.874540118847362,10.463222539440611,477.0650649734085,0.7611340305900107,0.5590347690458772,153.3714529344583,0.5065085312452756,Pure
10.450714306409916,9.512154474689817,504.5909885308552,0.7170708728793505,0.550836054691628,153.5733991334513,0.5271626910978608,Pure
10.231993941811405,10.469878826707639,486.4433132412324,0.7736542561026518,0.5297548451318821,147.2383998167573,0.4998895664535942,Pure
10.098658484197037,9.543159911950577,503.2506801509476,0.6411682420073537,0.5565021992859016,151.87321582417076,0.4512103116776108,Pure
9.656018640442436,10.391143113698071,509.08522330111185,0.6223839238795456,0.5688885302050091,140.20262368055486,0.45090384690792923,Pure
9.655994520336202,10.0277011090863,519.7845082224321,0.6539499223033979,0.5873322915860808,152.72192092819085,0.48570293439700124,Impure
9.558083612168199,10.4929647961193,482.3852763056362,0.611417371217863,0.5636291353979248,158.26573895152472,0.5426194068431782,Impure
10.366176145774935,9.5737965647354,470.65974971950885,0.7062339056002064,0.5761121537043158,152.25146936689637,0.4728676779603609,Pure
10.10111501174321,10.053854284401321,478.21313780412845,0.7873211384589923,0.5160071634954573,157.4739718693269,0.5134363688871687,Impure
10.208072577796045,10.469302535619098,524.0011185108863,0.6078687081337019,0.5461557474419789,154.47946110932187,0.4722075870693321,Impure
9.520584494295802,10.023097844170149,522.4334046537509,0.6244219828020053,0.5009331619827093,142.4111683280738,0.4821669989659549,Pure
10.469909852161994,10.129398638135262,505.8447861302185,0.6904398056566871,0.5246678864521623,158.04906614571684,0.5348042089601485,Impure
10.332442640800421,10.195748688984617,506.0310116260192,0.786775003505581,0.5726461715113005,141.32887688711548,0.5228861442269948,Impure
9.712339110678275,9.954541064767774,509.90220047277535,0.6632312209953501,0.5991809951349363,150.67934945095527,0.4595399277313211,Impure
9.6818249672071,10.127558080084064,480.52227671740695,0.7014469617376785,0.5099178099587216,142.84274247586916,0.4928702020986434,Impure
9.683404509853434,10.0843143119231,524.8647167554976,0.6083145718100784,0.5401494315861288,140.23413221461809,0.45291697636452644,Impure
9.804242242959537,10.401158010490988,495.1262314935244,0.6296686401924178,0.5800070968699159,148.44068520255277,0.4980890146603009,Impure
10.024756431632238,9.545446380341458,492.98831169496987,0.7973260245917695,0.5204035634628899,145.90081415308313,0.5162434011701068,Impure
9.931945018642116,9.78096318959223,501.1350623169703,0.7930237392872092,0.5555084949302286,149.72000987595206,0.4618502623598152,Impure
9.791229140198041,10.45041148407656,472.8179580065033,0.6009879961868819,0.5733071296029675,151.543997734691,0.4788884938909166,Pure
10.111852894722379,10.390263783890916,479.9770021253648,0.7903623570846479,0.5615985450260179,140.87478144617896,0.4897836625502157,Pure
9.639493860652042,9.955656752785712,514.2820169855822,0.7278239875631001,0.5188024734615416,142.46006590247492,0.541953102465605,Impure
9.792144648535219,10.120132597801536,474.9679200755076,0.7735836589040045,0.5355384568685739,151.1728479290085,0.5493255015422964,Impure
9.866361843293692,9.777381182981133,506.1891265679833,0.6909479711267719,0.5783791784485397,146.86334706345318,0.4544911298995616,Pure
9.956069984217036,9.688121159723762,484.7209465808793,0.7031192057158501,0.5554226514132017,154.58346975098897,0.5261007923495392,Impure
10.285175961393014,9.963698404939983,493.3577368425186,0.697769316051384,0.5005229613542913,153.0458329718388,0.48717240664023437,Impure
9.69967378215836,9.853352228026052,487.321624206242,0.7333728515092208,0.5760990760028094,156.91208725979814,0.489245818622948,Pure
10.014234438413611,10.083656111850871,491.3403629878969,0.6279302509512625,0.503531135494024,153.8498565333845,0.5254264973347023,Pure
10.092414568862042,9.577734636964985,513.1427543110548,0.6059947179745355,0.5745733782731232,148.59862154780296,0.5418426432145409,Pure
9.546450412719997,10.474394807666167,487.8273029373905,0.6615859883182382,0.5202480560165237,153.45933244788864,0.5450928594502549,Impure
10.107544851901439,10.486210744479603,503.9842784178138,0.7409361525473294,0.595807348011938,145.50762348510838,0.5077122586038321,Impure
9.670524123687292,10.198161714019745,498.563024131946,0.6403706904245896,0.5367940751302085,146.12626997556424,0.4857121159300503,Pure
9.565051592985279,10.03609636634412,509.8202699217589,0.7346864866649835,0.5326931616338079,155.77970319841586,0.5287549085858779,Pure
10.448885537253334,9.809527616286328,526.2097843594855,0.7939824092214541,0.5148888050332444,148.92839032803164,0.47510013832623005,Impure
10.46563203307456,10.313795019706948,513.954325832615,0.6187801431578837,0.5305604215490215,155.96760681036704,0.5064074028833518,Pure
10.308397348116461,10.18473117255388,482.8964227154454,0.7345204236450253,0.58766507618282,156.44844747336558,0.48585784615248734,Impure
9.80461376917337,9.662616939344892,471.87098810367706,0.6887500438609142,0.5996334337627247,157.15124675322568,0.5156631073707877,Impure
9.597672114006384,10.410927184493843,485.7358426579895,0.7736284508755011,0.5368309530506848,158.33270471682414,0.4740398912893507,Pure
10.184233026512157,10.322537242923168,505.70467584201526,0.6354299578894772,0.5448610630954542,148.6197044102659,0.4691592945734826,Pure
9.940152493739602,10.449799913291924,473.085548809055,0.7385251904452329,0.5722070938202737,146.37733636642278,0.5418239086675437,Impure
9.622038234844778,10.22571950838836,499.7819748320742,0.767623057929622,0.5886195780465074,151.64397493188227,0.4601803682949537,Pure
9.99517691011127,10.11341519593579,505.81057093501335,0.7889228438948047,0.5593044334186784,147.42344846875255,0.5005957907734931,Pure
9.534388521115218,9.918243036290619,490.0546334490177,0.7366496056579293,0.5391525698177829,152.02148333600465,0.4720852782963009,Pure
10.409320402078782,10.432728483354014,516.2547322247493,0.6994349528016854,0.5412621840848624,154.1117172528765,0.45389299633256674,Pure
9.758779981600018,10.366063889500408,476.3958951880263,0.7235694480402428,0.5695618146496807,153.76810036984273,0.45360188182914263,Impure
10.162522284353981,9.54521867010619,474.5082669041485,0.7737809968957436,0.5003218263604279,147.49105774040243,0.46752217721058276,Impure
9.811711076089411,9.526366974497252,513.6913253722162,0.714121949327766,0.561958933745984,143.33720403397507,0.5366770354506001,Impure
10.02006802117781,9.876463366878049,499.7294789723719,0.6060774119393674,0.5355493010441357,148.61058676924415,0.47824787439770267,Impure
10.04671027934328,10.310553330781833,511.30414378566417,0.7861897391013956,0.5794197331277084,142.85188288163818,0.5450459170575296,Pure
9.684854455525526,10.487276129314944,496.08964031622475,0.7379053502063122,0.5092990639823132,157.80194070367617,0.5081622292989194,Pure
10.469584627764558,9.650416891103529,484.78412199434644,0.7353026771554494,0.558820226694839,146.91754921475714,0.49366141897687665,Impure
10.275132823361115,10.094130715352135,519.146139060452,0.6431350304795435,0.5480972889886123,143.08919494446647,0.5080088834669455,Impure
10.439498941564189,9.880890856631021,517.9649527381388,0.7317770940465315,0.5642325525905227,140.50895519811502,0.5016698385226268,Pure
10.394827350427649,10.469914397814604,511.68178825126563,0.6787728811308317,0.5064853594482969,152.91644772572968,0.5258776253757326,Impure
10.097899978811085,10.34211892313571,486.3287082337978,0.7302465954082984,0.5579983787428131,152.73804634909487,0.47824960659728527,Impure
10.421874235023116,10.338328704711138,505.4138400121452,0.6213186060615982,0.5561484587959523,146.81208333162584,0.48530503916003026,Pure
9.588492502051919,9.96869315979497,491.6584338164016,0.7315690609206073,0.5560660094416171,141.434237776953,0.5394094302533251,Impure
9.695982862419145,9.914819502337664,475.49492439959806,0.7998827451541334,0.5603487666596455,148.19257789790464,0.5446456513150406,Pure
9.545227288910539,9.773407071930706,525.0388145277345,0.6096424077721112,0.5676467937226362,146.22434990126789,0.5392558227486475,Pure
9.825330330763265,9.556375496650928,478.20911785513766,0.7954348368442635,0.5804988999680769,153.5424127947002,0.4919447993957314,Impure
9.888677289689483,10.364722376255052,527.0142412292481,0.6813815921445742,0.5269820720128214,152.11558498905381,0.5280365503006882,Pure
9.771349031773896,10.312901009130078,496.76034637747733,0.7741506900674519,0.5825049410180062,147.2918745639508,0.49763357333010994,Impure
10.32873750915193,10.499717673286131,481.1079757303172,0.7564770968116548,0.5498255682263453,144.3578510850998,0.49975398521461023,Pure
9.856753326693589,10.496636837073906,502.5140568427015,0.7134032521973336,0.5077058279134331,159.76071932311183,0.47046801090572843,Impure
9.78093450968738,10.055431705602627,522.3767501525845,0.7476898418502653,0.5058550929243979,149.0800324239223,0.5091130303258516,Impure
10.042696083158248,10.268987415180511,513.9334931845736,0.7757031122602696,0.5334238318696061,153.76548471560474,0.4686135897753348,Impure
9.640924224974762,10.444765729882429,518.3936688716869,0.6808280643302066,0.5784896977111468,142.81105935156722,0.4831564699067194,Pure
10.30219698075404,10.349647390677411,509.52700200264303,0.6654066323126477,0.5707680934740915,149.71179399318797,0.5355030201619936,Pure
9.574550643679771,9.747348101743198,511.53659387107115,0.7335186771127169,0.5788614964672406,140.5507343973893,0.47070758092108556,Impure
10.486886936600516,9.950544135310093,520.9517390939192,0.7615691883882517,0.5517269056441609,150.109102358209,0.4571158285173433,Pure
10.272244769296657,9.629159415151495,484.98008053155115,0.7524570269553232,0.544019899795549,159.28034814235406,0.45690075926128165,Impure
9.698715681534173,10.454051027258723,499.36549781858844,0.7595627297717269,0.5147452526706284,147.68413425971602,0.5440784520503108,Impure
9.505522117123602,10.10617463445088,483.27256650917616,0.6871166629625867,0.5328192753609311,140.77992025149823,0.5006920437961835,Pure
10.315461428454833,9.728642805503462,529.2600804797988,0.7635668432350043,0.5434019366173876,140.61911581838686,0.49094120718170187,Impure
10.206857343847616,10.171700684405856,526.6435603811968,0.6240418110741217,0.5088600429679617,147.7597351989374,0.5310878581007918,Pure
10.229007168040987,10.118128240457896,472.36560868211035,0.7088978195921699,0.5220611952711212,143.20049872926387,0.5335825927910516,Impure
10.271270346685945,9.85816271803284,512.3345103509413,0.6011517320996242,0.5598225294063739,140.46704192656372,0.4832191033115605,Pure
9.57404465173409,9.61355759219963,525.51489904494,0.664917165980054,0.573566311423919,155.12427227900355,0.5193618057473796,Impure
9.858465728544273,10.1715731955928,480.83452070764,0.6732923069742796,0.599834751139295,149.1704601776378,0.5271122815851887,Impure
9.61586905952513,10.020307700903793,504.0767138331578,0.6792345383218511,0.5933113331343558,145.7848954394531,0.5154650686865955,Pure
10.363103425875593,10.27231839173564,524.9292978552825,0.7390934413379724,0.5642565199535191,158.00166366032963,0.46515950748000995,Impure
10.123298126827558,10.020163501111993,472.0367587151479,0.6777116202540692,0.5421248053294072,142.32277920401052,0.5375883083517058,Impure
9.83089802485265,10.35218150031854,511.8452160348104,0.6897387245245061,0.5636177364708232,159.11837657910638,0.5039094552736009,Pure
9.563558350286023,10.051906838774485,487.84094044235303,0.6475088261748655,0.5785651618080232,146.27933434754706,0.4782472426370004,Impure
9.810982321715663,10.060937971535386,525.4637717225918,0.6746503583258681,0.5118336190923387,157.76807344617362,0.49252281854376945,Pure
9.825183322026747,10.376653602658346,528.263494709922,0.6454539254526303,0.5409904889696289,152.05885752958923,0.45375710903989075,Impure
10.229606178338065,9.903482866212396,526.655989346806,0.6146391847536887,0.5839802285635617,156.53414719482976,0.4627866801222418,Pure
10.137557471355214,9.634015228450641,498.4528529994478,0.7206897186762756,0.5383832951933044,159.6802632642093,0.5265546750515862,Impure
10.387212742576327,9.52878267631334,521.7225590593588,0.7336425597110032,0.5571872271227186,145.76810875637491,0.45000116347553665,Impure
9.97221492516195,10.255137255673619,520.6729639121043,0.7238980692019229,0.5587769360862198,159.22270970815185,0.4916565828482292,Impure
9.619594245938302,10.120309551353465,489.14602839459536,0.6926988087601145,0.518447625313364,147.7896378980484,0.5022510181085589,Pure
10.213244787222996,10.204079768099223,519.7349284490406,0.6759571560358459,0.5362235441652288,147.71023809473846,0.45546344200009725,Pure
10.260785048616897,9.71296416150891,472.22045808292955,0.772666729914365,0.5334511288741932,146.80774208509013,0.5473078162972334,Pure
10.061277197569495,9.63637147558677,505.7761927089232,0.7038163570272437,0.5026196708532065,150.8281521469517,0.4726125331249672,Pure
10.27096717995456,9.514544665667882,483.8005302372622,0.6958363755259462,0.5024191763891355,143.08290086356973,0.4804198719636281,Impure
9.993795596364391,9.850587558806597,477.23401314663676,0.6051284131612871,0.5831697043675773,151.0742297071602,0.4803942512255028,Impure
10.022732829381994,10.089917686854633,474.61719209775254,0.6682495655252313,0.5273070809972812,150.83409624820007,0.473041666211735,Pure
9.92754101835855,9.892244045099732,511.7773265526884,0.6760391237571715,0.5518078766238815,155.2380362520974,0.45014738220863115,Pure
9.525419126744096,9.937474922023728,490.39249782608397,0.6797645561793801,0.5298725573588773,156.67299923875171,0.5229344794087997,Pure
9.607891426993305,10.404158694493749,513.4860062917257,0.7160344738454665,0.594067924511534,148.8088270062485,0.5466845499799285,Impure
9.531429185686735,9.8482554670233,473.92138044793654,0.7067205093453757,0.5259296758865774,146.04666498702989,0.47242934832850453,Pure
10.13641041126378,10.01398948915981,488.9174202698366,0.721581018558689,0.5429656812738934,145.1866979463419,0.5163047191803423,Pure
9.814355981076327,10.283653012741143,502.36947754252026,0.7529766523084257,0.5872730250484601,143.89247673409744,0.5241896326958715,Impure
10.008570691164703,9.89654278232127,517.4433898903378,0.7625971477432187,0.5841933566791808,141.1529516439805,0.5348425379090525,Impure
10.407566473926092,10.122086700227873,489.1251501759242,0.7436246152452989,0.5186101417846277,146.84895957669426,0.49226291970136093,Pure
9.749292229148875,10.362363708746745,507.5534825862205,0.791104739190987,0.580264330979571,145.40495384261567,0.48029309056404296,Impure
9.91038292303563,10.449520623657643,523.1586648941712,0.6036465165352723,0.5458186886737892,159.32834771732814,0.48252951340230316,Pure
10.255551138543048,9.647073480929038,506.9517912909383,0.6391555971367092,0.5482968872085355,151.15417652500088,0.5212621333098513,Impure
9.728798165491622,10.426587625161494,483.977568485218,0.6015125749956284,0.5133479972415944,146.94554078061014,0.5316779466505637,Pure
9.576979909828793,9.992116293079539,471.46404689339226,0.7294949428309206,0.5080601513757125,151.6093520198739,0.46816139677566027,Pure
9.789751452913768,9.758244388298959,522.2059324340557,0.7796061097899974,0.5727939306973765,142.7839340269139,0.48709410081577653,Pure
9.661221287254005,9.959135756238261,471.27616465102324,0.6486964593152599,0.54964611523553,148.88087498404406,0.5401940196749151,Pure
10.429697652342574,10.480032575285477,522.482100361052,0.7854069089592614,0.5436850702615179,152.52468642842126,0.530669351969474,Impure
10.308120379564418,9.992618093992869,501.7362280416327,0.6120534780579121,0.5729508228652397,149.77795663584902,0.5484858402762476,Impure
10.133403756510424,9.828751610287508,526.3440619107738,0.7868872053611029,0.576551289899111,148.03557601308648,0.5254248259682082,Impure
10.371460590187718,10.133400854316726,517.9269941464199,0.6703245374479269,0.5158908167669354,159.87696777799397,0.4893195201027922,Impure
10.303672076899115,9.740145618778193,529.8760466320002,0.6202841656898432,0.5610225149477641,157.60629524297855,0.5090637833994638,Pure
9.686570058886035,9.575863328108664,491.0427089271026,0.6971743518372652,0.5135354082277686,152.46811916318882,0.516101425424732,Pure
10.392558998489978,9.62887972191065,516.0312973358676,0.6513553135441016,0.5751375086029046,151.38754722364564,0.4578455816317124,Impure
10.039342241915651,9.628045838957773,494.11585481655453,0.6569745803923845,0.5656955156267139,152.41320959649167,0.5044496959103866,Impure
10.307440155164063,9.651902693512294,498.79253721823454,0.6614579929852573,0.5956614621083458,144.02624215644866,0.520932082847261,Impure
10.396091299923492,9.63882717264941,507.6503277931022,0.7606051795665327,0.5068958016356421,147.90275486528637,0.4667321304001061,Impure
9.818003474971864,10.140874744803215,522.4206268511804,0.7078322553350509,0.5057054721151254,140.78919065781798,0.5280631717425558,Impure
9.610051924527676,9.681880084399145,529.0450081519577,0.6622615398312007,0.52821870746932,149.51092074973653,0.5083772780514112,Pure
9.727935162541941,9.845667283323863,516.096404831871,0.7220667566621837,0.5261705683735906,150.86049167915326,0.5452221785697595,Pure
9.927107788626257,10.396788409906012,495.06600693004003,0.7432301348446387,0.5246978799072,144.55499472206418,0.4542422298206892,Pure
10.318014765922493,9.973961640262873,495.2814201366242,0.6545248001467068,0.5906254580521036,159.28057694331028,0.47653261375554673,Impure
10.360730583256343,10.167557738521028,514.2549380953335,0.6827098203050703,0.5249546199849506,158.18909221874483,0.5101553879299825,Impure
9.506952130531191,9.67231987120163,484.32662874609815,0.6243772186673895,0.5271949726128631,154.4428647091181,0.4796559912205931,Impure
10.010747302577565,9.69228901880867,476.62844678788366,0.6362298699069361,0.5759398262417963,150.66773257530724,0.5214424164071243,Impure
9.917411003148779,9.54086861626648,491.2773294584466,0.7362235707929966,0.5449739842450539,157.3993831929537,0.5259005282521931,Pure
9.72210781047073,9.668935063072164,487.2343394992449,0.6362876695391254,0.5776710556955181,142.61304687646927,0.4602515964066475,Pure
9.619865367333682,9.77859033903196,487.7784872273594,0.7050326767334121,0.5065366157564385,155.8101958854977,0.5013854464206768,Impure
9.837615171403629,9.677010484276746,484.0164650629946,0.7418092523444866,0.5487571193673384,142.49641627933696,0.5008890555591056,Pure
10.44290970391252,9.588702533757056,472.52559137818173,0.6213753846189487,0.5033613600183282,155.8842132509881,0.4869280770215541,Pure
9.823202932020756,9.620635871100601,471.07243608400483,0.7134624439257807,0.5062653203455354,145.51535136502713,0.5432924862569672,Impure
10.018790621743365,9.960778768032725,529.2633433841619,0.6513125567402728,0.5906437453344411,157.54181162036377,0.5327506319873222,Impure
10.203018958895179,9.706333718405793,495.66638802415173,0.792585375047516,0.5139245371117596,158.88084187650796,0.5197209381909638,Impure
9.863629602379294,9.864269861048076,493.0595988295809,0.696709129343985,0.5532420682275216,142.9759193881023,0.5214326635734998,Impure
10.47178208272096,10.003417270854857,510.7788369615842,0.7611985099550317,0.5411095602600706,149.25351210130788,0.49617161438131197,Impure
10.46244729494211,10.190394828629366,483.09523327190385,0.7100453084312524,0.5347343326258842,159.6197475632537,0.5420994521096576,Impure
9.751782295825365,9.5393121398411,526.9976710370136,0.6086825065709638,0.5899833345687272,149.66814871946292,0.5194595427253286,Pure
9.997248505892385,10.299410398909043,517.1807008649331,0.7266302751188045,0.502182339677549,157.2709504502909,0.5228981061655816,Pure
9.80087830981677,10.127900389490907,475.3646601387356,0.7902806684413315,0.5663789686175589,151.7746304426264,0.5361690903787346,Impure
9.784840494377468,9.581759031948872,495.0548465470957,0.7203223640292662,0.596339443421355,147.50659815839202,0.47740715893421914,Pure
9.536886947354533,10.373578624106777,522.7470984537299,0.7638377718853581,0.5560168183461842,145.7156711105174,0.5307070903866703,Impure
10.109564333979897,10.420872400531813,526.6839213374847,0.7768412926696816,0.5936822462033091,144.06446182172175,0.4695240602956492,Impure
10.002679023228861,9.561077959854863,498.04409067499216,0.6456159543897865,0.5052257879286024,155.23596382755395,0.4845341952244888,Impure
9.55147875124999,9.776877648147204,506.8046833526425,0.6424089679816454,0.5418793319074161,147.73081013646055,0.4835610454269843,Impure
9.778646464236612,10.306201279793061,480.0220367655245,0.7221961977701984,0.5260157790962051,150.22550924401503,0.5478525468389142,Pure
10.408265885966653,10.248259690383659,529.4701175682186,0.682205693961341,0.573082096498073,149.84650960002364,0.5356537223747927,Impure
9.739561890666973,9.684521019356378,483.9003020830066,0.7679722605733441,0.5981297090497246,151.54558058466262,0.520116986159026,Pure
9.644894872091223,9.70934932333671,526.5639064481076,0.7800046246796023,0.5256530062444248,157.31154291249103,0.5227056761615391,Impure
9.989452760277564,9.870472102791382,508.9787989395421,0.6706842758605436,0.5654174601474075,159.6147868716686,0.5062072794402571,Impure
10.485650454110601,9.98452298519102,506.4642076927315,0.6473741117948965,0.5198097632759741,148.15168417147635,0.544709066710852,Impure
9.7420552715115,10.118254771530296,500.7613106609905,0.7561051030487724,0.556533025457161,156.55037844212606,0.4996258752882362,Pure
10.172135547405878,9.868913639569772,483.8401887030655,0.6549612071096272,0.5463932486688337,155.29055589309436,0.4880517709869895,Impure
10.261619615328717,9.962534716133147,480.5916819203305,0.7645228637027357,0.5972005329631537,151.47057902911146,0.46630353369315913,Impure
9.737637543992399,10.247470938133757,483.22917254421054,0.6847476507297525,0.5608527272696466,159.12094287223866,0.5286205652261058,Impure
10.22821634861186,9.536683202890599,481.1862957286553,0.7335099798582941,0.5349506372086819,144.00949031056805,0.5234443932075592,Pure
9.867783132719254,9.752436944344021,516.7750684140052,0.6191070627669336,0.5114095784887933,142.18528420619242,0.4884355038524135,Pure
10.13230583059358,10.213349585884552,491.0075155500038,0.7247718649353146,0.5151246828734934,157.07923933910845,0.4525193413959229,Pure
10.133529710760895,10.3952068376872,473.4705605938038,0.6903535357474458,0.5225316929951235,148.78299633267497,0.5338997327718011,Impure
10.035774684074758,10.011677442115666,528.1461578084487,0.7173216926350948,0.5250966661340298,156.9393770841412,0.45114179834540735,Pure
9.590289770054408,10.032113485265315,523.0271530978056,0.6336028415489727,0.5850616057841138,157.8618041039083,0.5203699779629052,Impure
10.335302495589238,9.607172011339776,525.6651369917128,0.7473747489888365,0.5561222788282525,141.24915187238142,0.5470257109726058,Pure
9.820780064971736,9.947412366823455,529.6944693587861,0.7725594155086457,0.5523390911374366,157.66929525972122,0.4937661328148204,Pure
9.686518510399853,10.032617266455023,480.4337149531692,0.6433479600181551,0.5114768871869217,148.96638110738843,0.4734973404995953,Impure
9.540775141554764,9.74247050363473,493.7745211341595,0.6191429111040323,0.5860139693349434,150.20864978008464,0.5204871010043381,Pure
10.090892943188242,9.769243230949382,515.4943085422454,0.6047277172092672,0.5722814303208483,152.5318502218642,0.5317128142015586,Impure
10.177564361842283,9.877284163104623,511.7612370832275,0.7283943000886532,0.5067668361900002,158.52765213460174,0.5046430316077848,Impure
9.516587828927856,9.520071197777726,479.2337543803913,0.7214188072177562,0.5707835097229769,140.38232188859527,0.5467035275256147,Pure
10.01209305829928,9.822079165583178,518.949987499437,0.709339482542814,0.5543538217342646,149.53686936635634,0.4551668721657961,Impure
9.726495775197938,9.711448006996545,483.46643431019965,0.646389419223195,0.5081725345746778,153.7544408486112,0.5004795598304529,Impure
10.14517279040945,9.827497352177915,483.4290568893574,0.678181199181103,0.5458300641528656,154.45413915396458,0.521845394732255,Pure
9.67436642900499,9.61976213181925,502.21846537360483,0.7188952670372346,0.5484696287130046,153.85064863074217,0.5362640471149179,Pure
10.190937738102466,10.390527280739896,505.57639609050216,0.6993533717718339,0.5165774540163276,142.68870258816244,0.467925561190779,Impure
9.886735346300537,10.093592453554049,504.80517247026864,0.7975571040429775,0.5945698147000282,145.98791176743362,0.5300003481763682,Pure
10.436729988736735,10.179102319144489,475.4892102438653,0.6272879505113466,0.5849975371480661,147.17431050834028,0.5052707075718545,Impure
9.637520944145994,10.289171238607338,522.6476517578228,0.7390289108095187,0.5669022337329108,156.08874415359008,0.48965536819899635,Impure
9.841066351050259,9.998442198929057,485.9360025553224,0.6808637536208584,0.5462295561000607,145.57519744829105,0.46317150285790937,Pure
9.61347352124059,9.586920288087423,477.77089527696825,0.685639922985123,0.5411765541584508,144.21409927734408,0.5365295758908912,Pure
10.424693618278562,10.037106541818547,523.3248847921386,0.7435195531316353,0.5650973467150954,159.14896038076193,0.4657273208179715,Pure
10.37733935338098,10.08684111802088,527.3390898937852,0.738487230264874,0.5545431869406905,140.17726570226938,0.4809787859209099,Pure
9.757941627715155,10.24543947418433,521.727657035927,0.7982511987404377,0.5062273105881886,159.95641711363956,0.4790045531962437,Impure
10.159984046034179,9.93165954622968,518.5709644834927,0.625678857890825,0.5512502648770332,153.5364259771479,0.5371414034190855,Impure
10.317222200201217,9.627580302795565,509.3145188383413,0.6208219298768333,0.5806403617232839,156.56938598898233,0.5172702994208899,Pure
10.055200811599462,9.783775905798725,503.0514422365484,0.7448677634257482,0.5459239877596958,145.89238792692387,0.5296681397191373,Pure
10.029650578356007,9.863082296398636,475.2192055946846,0.7156773834012818,0.5051956577554269,140.2863055533412,0.4750467898792499,Impure
9.741852290900452,10.1459172413316,494.5071927842419,0.6548321333119612,0.5786278199384033,154.7573903712306,0.5124874099607,Impure
9.593102767805899,10.070778304668911,492.36131102073887,0.6158838737977973,0.5201363782135975,156.68289194001352,0.507174598314375,Impure
10.397215757953326,9.856096725897846,485.5852270256196,0.617131649919286,0.5258620834888039,154.8095226390704,0.5332830376788271,Impure
10.40041805716333,10.48651524879298,513.4052068213151,0.7788381749328237,0.5164706353432296,142.85700574601677,0.540608706048126,Pure
10.133101457273268,10.105774819356887,499.75254410472627,0.6383734649437486,0.5330215064871497,155.0685584451394,0.4512156771477387,Impure
9.8390297910487,9.737226791735994,474.8627729544589,0.6646743124231042,0.5756751505688635,155.37845564215283,0.5174019919058793,Impure
9.849209574612662,9.601782472620403,483.2109921169887,0.6453312804453976,0.5519385859503937,153.1708103134011,0.4551835799119729,Pure
10.225955678870239,9.652859139184333,510.99552581957573,0.6709992611663874,0.5204881274150712,155.32231865591172,0.5048858665077356,Impure
10.397110259952576,9.745957728384509,474.567851569418,0.6138847685492187,0.5877830078152041,156.91842879355465,0.4787632729043678,Impure
10.387086424265117,9.660681373259555,521.0724148429262,0.7038119581816541,0.5879581854951529,152.27208228474916,0.4806776599522141,Pure
10.279875545857625,9.686567024051305,499.70879162083844,0.6135225127184429,0.5870578425046007,141.77209427939357,0.4852958503452357,Pure
10.142031646154289,9.785095168693847,498.83519463959885,0.7600713015644723,0.5238796211381539,149.75255619334422,0.512129244904961,Pure
9.58413996499505,9.673373595294755,505.54446707957106,0.6467424163820866,0.5451239344180988,141.5529866934321,0.48340499656687697,Impure
9.661628714094613,10.396765424626425,519.480857955509,0.7080023829209021,0.5984989656140874,148.15086062064861,0.523269905059028,Impure
10.39855418852708,9.580233745661642,490.8685524741316,0.7760158175122917,0.577201247630999,148.14212978251254,0.490452738557387,Pure
10.10642905965959,10.024511389570254,510.6809691535438,0.7301754738094388,0.502716742122556,141.32019688280482,0.45683532003099586,Pure
9.50919705161663,9.910396826989661,503.9439178397475,0.706591557310267,0.5065204591260491,146.97641067938957,0.5283759842484108,Impure
9.601471542866031,10.482378616908607,486.02169621016526,0.6648667506230751,0.5463931376812332,142.2199619758263,0.4785758324592706,Pure
10.163501769108056,9.612038902168052,522.7177991813095,0.6666003826116396,0.590922020586156,156.16470420018445,0.4932766879599263,Pure
9.505061583846219,9.89785559904574,517.8455612964157,0.733897391039638,0.5538701797952714,158.9537605192894,0.5185443883221902,Pure
9.660808051417499,10.469470433275369,509.50711007950554,0.7988278722442336,0.549781250803429,141.44632950515876,0.48324561571487124,Impure
10.048733789366587,10.36550712589398,521.0349037456546,0.7323678379698757,0.5105473699956631,159.10230414583404,0.45565856561467155,Impure
10.191895197692693,10.31707207094928,522.0376520575882,0.711556683474005,0.5656780104724294,150.4515319867349,0.48739210470128136,Impure
10.1519612595026,9.75790282704494,512.501778602902,0.7461301020478492,0.5822103160600225,145.99131355907747,0.5444448582694303,Impure
9.72426930946056,9.670887587390066,520.2207997018203,0.6930411224567437,0.5380420007507563,141.53724150552327,0.5141734397298559,Impure
10.212179221347537,10.16864321992443,511.848287700157,0.612028468520157,0.5775611850925327,150.01248536140835,0.5171479148667207,Impure
9.7372490874968,10.429375989127585,510.808446305618,0.712459363175582,0.5964476653900811,155.89031088981497,0.5132282153637641,Pure
9.825399698159268,10.05676289301393,507.11668269291107,0.7915250569010761,0.5203766459127689,154.14172954533396,0.4698992138959437,Impure
10.246491405118023,10.0716126894699,515.1629983734584,0.6350605884715319,0.5523329631194741,141.00452022927948,0.49183338641022806,Impure
10.149632899047214,9.779979093660284,479.5163063175844,0.7380009781641332,0.5287137958084576,141.45803670735808,0.5250939798363319,Pure
10.349223410494178,10.269492933191938,522.8522455519358,0.6401867377318113,0.5792854419033839,148.05746565265275,0.4601372897553159,Impure
10.157612892300344,9.687043748557523,522.3106116647139,0.7071655368946163,0.5577593365881157,145.90580988095886,0.47778527760897127,Impure
10.068308603335472,9.823679236404244,471.7548369820735,0.619335289929344,0.5634582417550303,144.64768646112097,0.4776319108465854,Pure
9.593674767828093,9.925436438616417,519.5490050338858,0.690074187251637,0.5797914159615893,145.62008997817426,0.49320189275945064,Pure
9.867715803059433,10.007610378684454,477.7321920484067,0.7512326657790492,0.5395970472662455,156.0696548659377,0.5480368740942185,Pure
9.765202367681725,9.74240973241508,490.1071312555485,0.6695143048477964,0.5915090068407043,158.5845610726371,0.4567502546683822,Impure
9.743989643379084,9.614836824739204,514.6104953774965,0.7329823448974436,0.553302886724614,148.10205389055133,0.5018700994380595,Pure
10.473010554752445,10.110620042441633,479.6455937628985,0.7590899921579459,0.5157954822835348,158.12222004264993,0.46793646820122103,Impure
9.89309772466676,9.788630553240257,519.0780214471438,0.7854355638958905,0.5695899118168802,146.42991402495764,0.5470676545409745,Impure
10.392046555177114,10.081238221422613,519.9280506774645,0.6469284163710907,0.5793261350438255,149.52873972687584,0.46133035047274645,Impure
10.131138625997263,9.654362715274202,500.4480640256502,0.6798631831618617,0.5316761677067526,144.52057995632,0.49036010023615917,Impure
10.294811303541648,9.981140101854818,470.38315230301004,0.6304832026660835,0.5857179256998752,152.80952084351688,0.5237884984834607,Pure
10.002637093105193,10.032589432551585,487.22228799049475,0.7984967004316751,0.5906143254765767,159.5796223034962,0.5204554428027446,Pure
10.07690388462636,9.551823536822427,507.01561510254453,0.7854001935848591,0.5276904487377809,152.06986192086757,0.49227286368939327,Impure
9.992517693818863,9.83660427819392,528.8711706816454,0.707991426056112,0.5983521472715222,147.156281682271,0.4846524167952718,Pure
9.695242987798045,9.634414676938974,507.9088116210001,0.7684066588752843,0.5140711528048758,152.95634891981058,0.4897612378552871,Impure
10.222452115261506,9.563374970472768,485.5882148638496,0.7041915954544085,0.520201566840249,142.45841356930777,0.47642762631586394,Impure
9.780772362440857,10.489960232389945,508.04034218597667,0.724717137600552,0.5184224839238026,157.77318160530797,0.47053329387068,Impure
9.524315966431454,9.822353844974723,502.39912278295134,0.6178248864232033,0.589398971000787,150.06167901559672,0.49830396975588903,Pure
10.145472295907167,10.309874445854636,516.7907237090686,0.7510540840993616,0.5654292552324962,148.98699484079285,0.4768533756067608,Impure
9.677110679407049,9.754640654763763,476.41883832961753,0.625542696727047,0.5152104283222273,151.71729576907038,0.478746166489725,Impure
10.440458584352914,10.181502722223929,515.6616741501217,0.7652135260505057,0.5440323418368349,152.49567725578805,0.5156756063474557,Pure
10.453928577002587,10.260227859889687,502.47599472056663,0.7564056175340772,0.5615298025069801,141.43551612453027,0.5468537331699893,Pure
10.414864390220448,10.095638740607844,527.7795202315397,0.7417489395485953,0.5083464084989383,153.65234442446805,0.5103637200559376,Pure
9.870158700255445,9.97157618855016,490.5123299623212,0.6072320761049524,0.5882416368407338,144.8386336063106,0.45769794670649666,Pure
9.515456616528867,9.911840914147268,507.95731358803687,0.6606256711890657,0.5803603535441535,154.2790526501318,0.45755836138540673,Impure
10.428318562587725,9.848868266542995,525.921686330601,0.6526225139821685,0.5505206773576639,156.45069588768393,0.5451423220845566,Pure
9.928184148317314,10.429529144247827,476.15058367944073,0.6720272814943038,0.5967126615259171,156.0791701510504,0.47972907903073336,Impure
10.46665481904367,10.33061940778773,526.233709234187,0.6175285493527677,0.5417760979275099,151.05001934815778,0.45920669860824753,Pure
10.463619977089254,10.465026910666513,511.2731433380488,0.7873915646062126,0.5984110319036497,150.40339784621503,0.5099044587150382,Pure
10.35300945546736,9.624297223485545,474.07022354631033,0.7107604481424753,0.5667919998803627,142.85751922678824,0.5123648778290266,Pure
9.794448892069585,10.230867475203643,488.05781401680895,0.6611048621316047,0.5634671273253942,155.5069230080627,0.5148504820118689,Pure
9.885097728601925,10.438340456821038,512.4903253187169,0.6793963034148567,0.5165954895295785,145.42818760893428,0.47674020278575413,Pure
10.351136671516857,9.68123306616566,474.0410360881263,0.6894405081009671,0.5881927758304644,149.93390845635892,0.4515110684214475,Pure
9.816922005156277,9.566496267366777,504.93022761057637,0.7201188666721234,0.5427489687920615,145.68548185855033,0.5465015369454472,Impure
9.669492746686092,10.241120649290059,490.7529834171774,0.7031358855392995,0.5162233405782479,142.67656725999387,0.47508930456911025,Pure
10.05680126245835,10.074473113179913,507.25493106604864,0.7838783946428836,0.5012607519975759,152.59115393783472,0.5176026288052548,Pure
10.43615477416078,10.341828776758272,472.7445220287508,0.6993926965811661,0.5559755683638382,141.0866406964581,0.520662986987871,Pure
10.196029796674972,9.63977237662629,522.2922083691426,0.7984316029646625,0.5527399622122676,154.972904682524,0.5110007417079486,Pure
10.070061170089366,10.29526731185989,528.4093381506439,0.7702849915490192,0.5719353622369159,146.35173590522234,0.48129073942136485,Impure
9.59717649377077,9.701627320047745,528.1326713171414,0.6417021028714671,0.5890258053017802,140.0026938600897,0.4771096253764066,Pure
10.11500722669917,9.663655942865704,514.9791099045755,0.7861190429287833,0.5079406584643029,150.2225827847446,0.5097668282702703,Pure
10.490053850104264,9.664265797930993,477.8051744078379,0.6232732795770952,0.5731496490340362,140.93703817055206,0.5366095633611692,Pure
9.640084015236525,10.314574720231382,515.4957917557414,0.7634899416982384,0.5187411944097582,145.523391156418,0.5446733728923396,Pure
10.018329652363736,10.1651972206962,471.4752149875281,0.676124658695316,0.5858177053157164,154.13952974911433,0.46059058044037576,Impure
10.377373071927956,10.023065424769118,471.32741309173986,0.7755948640890139,0.5819063513861655,141.2537924324373,0.465482861259772,Pure
10.240768617754204,9.858830484123503,489.4166131489725,0.7736113380214901,0.5540793754985545,156.78676984712004,0.544473625878308,Impure
10.197015740995267,10.377200540813108,499.31859142427993,0.7611850800235243,0.5710242798623312,140.07639845317166,0.5236535228334793,Pure
10.202484083987109,9.892445107422635,516.2244450684676,0.7580060872614123,0.5314350113183748,144.93647738403806,0.5382993824829774,Impure
9.859491151219755,10.316599439471577,510.9977225963903,0.6609358278196081,0.5471167898932815,154.81808112304142,0.4702632634135343,Impure
9.793591844264494,9.93913490857022,496.7541623826049,0.6161838566102504,0.5821636897710472,146.32540299458614,0.5087585871109402,Pure
10.309361155478513,9.876944429424908,486.41759997689996,0.6805960357530323,0.5459265197173214,142.03784776132028,0.5201139594417474,Pure
10.310113394679181,9.962679785669607,529.8274700094627,0.6347049029973018,0.5357798265325442,147.20467837600856,0.5180111885446973,Impure
10.367072318580103,9.801377874164142,495.57087813415836,0.7389902177804923,0.54942124472503,145.4078657276905,0.49081516908666983,Impure
10.413240552556472,10.24760938017625,497.08322145978053,0.6692199453075571,0.5828249252437219,156.8542380432111,0.45153948916913084,Pure
10.011342398860938,10.00272039009248,479.81742927150015,0.795122040171983,0.5335208047370873,146.26695835170287,0.5082926056804263,Impure
10.0015162946872,9.732212695146817,517.6885729249958,0.7281944154690665,0.5173761593135744,155.77864943552015,0.4753101539179609,Impure
10.298295178966775,10.399574573274569,511.6209335468893,0.7644961127268722,0.571201402033078,157.8374428962147,0.49502542461428906,Impure
10.149963930777766,9.883891221373212,483.2461767673256,0.6265049345483696,0.5825978212708082,148.67634839153058,0.5457581015083818,Pure
10.201966877257703,10.043552861113989,474.9428627369506,0.7724028964545245,0.5100637478523533,158.19886287708783,0.4899035317642435,Impure
10.295792669436102,10.406472110964547,510.8299581244828,0.7845514381026789,0.5239874112755945,147.54636107926385,0.5339801606664427,Impure
10.390005341817567,10.124237995913992,509.27067285686815,0.6974123837637872,0.5141971989760994,159.28156832980216,0.4688540605749251,Impure
9.837995156851536,9.616898040708364,486.39557161989256,0.7212505875501956,0.5347941411582167,141.78579049051146,0.5172460498025029,Pure
9.875582952639943,10.439832123613476,527.0518137350247,0.7529619601805991,0.5450350978905413,153.74038533006487,0.5477006954438944,Pure
9.59398193984087,10.127708053071418,479.063473506854,0.6349677254520825,0.5748826336963306,149.87628080913856,0.4601893100872937,Impure
10.078280140996174,9.834905614657085,495.94008806255613,0.7005132152926885,0.5651147584881674,147.75297610911295,0.4508319942227192,Pure
9.535942273796742,9.639272072663386,526.616955210056,0.6797326055544626,0.5620928567478432,152.65423757497203,0.4933582792632615,Impure
9.96559801813246,10.294025189270297,495.18363901556734,0.6292747984324498,0.5352374946609655,154.07714183268664,0.45926254830513674,Pure
10.042644634707576,10.120072755928513,508.31155685984515,0.6735068844583063,0.584144755308476,140.0872653930062,0.5248384349676232,Pure
9.786541252128284,10.03346109197632,493.85566387776765,0.6136344618770987,0.5471287167398164,143.33906177494399,0.541454866384856,Impure
10.09083326056901,10.393892583050958,486.4529121409202,0.6051623813898974,0.5979104938015154,154.26092101268637,0.4934020972708759,Pure
9.530500249939049,10.28859721122453,529.0386588775897,0.6270332578309645,0.5634142138295737,153.32770827156412,0.4758711642155441,Pure
9.537348188749215,9.65167487973275,494.56004037890256,0.7926230223178348,0.5126264741564502,159.32095010257353,0.493440331900661,Pure
10.322600560659659,9.811722067795548,523.6459522207481,0.7099059071790034,0.5676177562075434,155.22075580501567,0.5223447817850001,Impure
9.860190641411263,9.748489139814465,483.7972763534652,0.793164432230644,0.5325104015431699,159.01545415462675,0.4509054161580371,Pure
9.627060512651886,10.243946292572677,482.786282241505,0.6864995756660264,0.5686327196686097,154.05081003069614,0.5089453989484698,Pure
10.022243260054804,9.533532434735779,471.8680449730707,0.6623632266170519,0.5069641148162406,145.96104417278886,0.511329168488738,Impure
10.269993553098612,10.069889684871317,509.1000095225531,0.7012283725680488,0.5174881437175959,142.10729844501714,0.5137688246895936,Pure
9.715821027496844,10.26245868574069,492.11158062342565,0.687902337726582,0.5855737258905787,155.6364772668987,0.47420220799808777,Pure
10.122890475819,10.37676563676175,521.8614949903782,0.6211329368523487,0.5227179557023515,152.88298442951833,0.5214052723378128,Pure
9.585347464993768,9.842081748715907,498.39259440149345,0.7281652629380413,0.583704112524294,140.96372024786592,0.4591391486331777,Pure
9.551681721168608,10.321257304672013,528.0916056748833,0.6432076365019199,0.527927608845441,147.20100931801957,0.4699270336466801,Pure
10.031354631568147,9.610631736955208,481.1315309421873,0.723917590979566,0.5642881910058708,159.1359963096857,0.5377470046654482,Impure
10.040635121610107,10.346452291734519,522.1173900773366,0.7300402184796306,0.5694150573509831,150.00802291420402,0.5238723150726566,Impure
10.137429901498207,9.627488662331983,516.5958111675045,0.6304049706257296,0.5512654753145053,148.6545827203941,0.4513745554011345,Pure
10.226091333722662,9.897287290560367,516.2553106786431,0.6122699254221337,0.5305310676696732,149.15399210318589,0.47483762603698004,Pure
10.475852079462534,10.297295365779554,520.6869936870132,0.756152317213688,0.5212644376371096,144.17765448010329,0.4714406482993165,Pure
10.016300348301195,9.649917427348774,515.66143945658,0.6919600847538641,0.5033189354562426,147.3741434172959,0.4770806328036973,Impure
9.822956472941247,9.729251395232641,507.5732192978849,0.6116327591010952,0.5303946401240723,147.39626511974353,0.47475597702798866,Impure
10.295186194768704,10.222252568393067,477.87469266094325,0.7989732634339535,0.5653162790531283,141.04710040374945,0.4562526295742846,Pure
9.770832251262075,10.220036536546074,471.9515707694751,0.6115561121992733,0.5938304818448482,155.35135257035836,0.49589405165968203,Pure
9.938971420705636,10.141147632885298,525.2508708689412,0.7390070457717106,0.5871204482263052,148.33008863807757,0.5232733474786165,Impure
9.578456381342265,10.1939484444671,506.9990188712443,0.7967357850526828,0.5766064776535302,156.44359773632846,0.5106731724717437,Pure
9.525350743415457,10.042724443347597,517.7922374585705,0.6478360208431851,0.5788447343253298,157.00696002239792,0.517287166859808,Impure
10.462648414677926,9.751799058906952,498.89134109075303,0.6284498737374392,0.5664984903475995,144.23988109397317,0.4581149178536239,Impure
10.335980120512206,9.84569599350392,477.03849133774366,0.6242769878844857,0.5260286857566003,153.14706964340257,0.5451490710176787,Pure
10.195974206093698,9.681597716801425,477.511147532153,0.6606550295135191,0.590719503070583,149.44563608325964,0.5338491833843025,Impure
9.90895294441427,10.408450561333629,511.13391723373826,0.6202091622021293,0.5670732311905834,157.6031347584297,0.5305090318495663,Pure
9.673294320070847,10.08339179476612,495.81835369396777,0.7384322683388265,0.556044063098044,144.3148135835291,0.5322983805041768,Pure
9.656437042671087,9.90085141676364,482.0314836020202,0.6124583596260125,0.511098946921348,153.55626400620088,0.5432710508132762,Pure
9.750242898164595,9.962005803644132,499.4956728044862,0.7018844256299579,0.5447055543806425,152.15504244505445,0.5044253966113698,Pure
10.04922666470612,10.447283339611815,473.85253622450807,0.7993393707705954,0.5460358271201926,145.90602955143666,0.47002820178676263,Pure
10.214595922700063,9.65335140311608,504.9182841148639,0.7627940539012038,0.5864563609522669,142.73201807302345,0.5116783607852542,Pure
10.160197376717731,10.086229832016798,486.13960426610583,0.7230438876462022,0.5546648220187789,153.03279520954553,0.5242881493667939,Impure
9.779933896945943,10.005888678884466,517.8535460382313,0.6612507241573223,0.538040054897041,154.77194916264662,0.5237917393354026,Impure
10.454865280663194,10.111454235434648,488.6217175354144,0.7247791672583277,0.5976800328510659,146.312546875267,0.5021449024166881,Impure
10.23789691669577,9.518110183820841,497.31320894490807,0.7054082927823303,0.5110720593326316,152.89665208044627,0.4568458719333578,Impure
10.054354052511401,10.372123908944152,470.69723239448604,0.6852166767780743,0.5422548428311944,147.90261815223008,0.4871112938430128,Pure
10.111720746234353,10.432118282483613,474.34681326767355,0.6261420753480399,0.5042024675171405,154.26413766565236,0.5420766608463358,Impure
9.91960006242779,10.065133183589209,493.5496133844011,0.7773208430480933,0.573990412076693,143.98430549788105,0.5084448909757426,Impure
9.747730989501157,10.196650823876892,498.7963300830274,0.6899569297642645,0.5918076552199151,157.80430005272348,0.5038331943255714,Impure
9.855972678651261,10.422499381177296,506.0012328871582,0.638924502364153,0.528003732955049,145.7481919293116,0.47688535143821936,Pure
10.257846110464369,10.207238634313399,487.4997547225582,0.6735518701754579,0.585834167679912,147.35571975512306,0.4868448919916579,Impure
9.514393488629755,9.652539042914261,511.69891316759254,0.6828259505057854,0.5292218230461898,141.16183904160698,0.539534608915317,Pure
9.616072640506916,10.076288360166814,521.6073438313523,0.7655075791133749,0.5910770161643915,142.2302442464255,0.5166463047526836,Impure
9.546002642021753,10.106715046382856,516.791059333601,0.7467228761122804,0.5753961903596784,150.31723805424656,0.5287387026752333,Pure
9.54072880231897,9.924130671302386,472.3771295209014,0.753860978728268,0.5804906776841439,145.35185353455944,0.49543454230676554,Pure
10.355460584011007,10.236444235624722,498.83041683546975,0.6022062528857294,0.5018006555600455,156.70960451484387,0.5130247219456159,Impure
10.203657859380023,10.434367014769014,476.2958107050905,0.6832307996359523,0.5962810357074025,140.29386777309907,0.4748383608743208,Pure
9.974173829087325,10.425568512906777,484.52270095175163,0.6962688303270648,0.5726670992070323,147.58188097343873,0.5205460830283487,Pure
9.597834160651,9.950839371404133,529.1997555960288,0.6038384553646113,0.5304751095386133,146.74691093538186,0.49276013337033375,Impure
9.991615875116832,9.613238045840756,478.5497325740908,0.6519626417490069,0.5829394664858847,140.38655261835203,0.49425455148147457,Impure
9.973471770780566,10.484841198962334,499.9332892070814,0.752057964624427,0.528152119841493,142.4873679800102,0.5149322324576882,Impure
9.673201869910015,10.338898086445933,507.0893440590871,0.6274219411457997,0.5872753839566127,148.2728534983727,0.5436280621468927,Pure
9.933851649237972,9.624662681203267,512.1478982326462,0.7070620262905183,0.5112580390411937,149.85729168894892,0.4564006346608621,Pure
9.898504734397374,10.420841882617372,503.57892100921487,0.6430403744034475,0.5703685977460795,148.08579494509738,0.5324743237347008,Pure
10.115850098052217,10.369896362062129,470.586250845151,0.6024241549287787,0.554069847664491,150.61875356824189,0.47923831104121933,Impure
10.135093650867644,10.018838057126072,489.58767849463953,0.6482402915199083,0.5096534470195441,151.90263349811363,0.4943919454506378,Pure
9.545304009772044,10.09127543574493,501.0626986030827,0.7951747509820108,0.5241893828258839,140.19847642255672,0.4521913328775009,Pure
9.874612614626471,9.89900270387013,475.27198994869,0.760307422376598,0.5012404036277315,149.28190318907008,0.48010460778343134,Pure
10.125859915714237,9.554761638822031,491.0376158725509,0.7919153288642067,0.5468767965464506,159.26998481775178,0.5002631242630131,Pure
10.003136258580088,9.8351972416459,471.992186527482,0.6975708087852726,0.5301265260760001,150.38064560259096,0.4556176077347439,Pure
10.356489841188322,10.302853448598011,474.7147098293012,0.6219472397355007,0.5598357484297759,153.55084534917907,0.49910957293831654,Pure
10.158693631618945,9.504632023004604,493.8153965720958,0.7095918977947386,0.5297237807708617,146.23727715833766,0.5427110628858428,Pure
9.66293442708143,9.833499171691145,477.9629452425836,0.6908754669119922,0.5299919111506984,155.47982756305524,0.46053932181078056,Impure
9.57056874740043,9.898168693590943,504.0524508956935,0.7688714165479232,0.5743193198731603,155.4584296375223,0.5264440728075505,Impure
10.142419278206315,10.037395602937924,511.36789814823595,0.6196165161568489,0.5048142835978353,150.42592095308277,0.4909671053375993,Impure
9.526511310541622,10.419855616412761,518.0352019465449,0.6976482274043556,0.5902894995191987,159.52027646558426,0.5155173714524338,Pure
10.085775581273463,9.846345994365961,482.0090146546886,0.6300097329387968,0.5852263874391181,142.51100429525306,0.47602365979852296,Pure
10.440230241424958,9.846953201896227,480.0489549355442,0.664935185378012,0.5667804683226406,140.33895329779162,0.4659492262541358,Impure
10.07547417787588,10.237501248109748,476.274070420064,0.7474714154775599,0.5593221570107384,155.40316423514193,0.4660462614271227,Pure
9.888169926206523,9.952217940889808,508.18581497261823,0.6952036258737533,0.5892302498139652,156.14311074729764,0.4570491945643145,Impure
10.143288218442354,9.724604822939982,512.3885435892141,0.6751776570291539,0.5185330179528714,142.40414458241153,0.4685646704901243,Pure
9.958252890491517,9.952439516132694,471.89516868953854,0.6788952557140071,0.5078969162190828,145.31165665917212,0.5164219384988968,Pure
10.045616789315934,9.6408570203798,526.1727347746214,0.6918893536811973,0.5239510169909538,140.35104726733258,0.5381690611843508,Impure
10.441464808776525,9.676386986506223,473.11827701908834,0.7570033087674114,0.579457827870019,145.8661722156113,0.5314125685591162,Impure
9.886102637800775,9.99836777273948,502.47778011806423,0.7784169377880469,0.5034670266726483,155.46283747837344,0.5185134309874484,Impure
10.461190563823914,9.918925449504547,512.543631167055,0.7910669373007857,0.5582806835083489,150.35921055425158,0.4610431863411103,Impure
10.405350641956064,10.4148459010681,522.2581474247652,0.7573806772510591,0.599543751619131,146.96191186336577,0.478918744629595,Impure
9.695791134789296,9.862393899116633,512.8452159279457,0.6630813791496025,0.5855696093837539,147.43478589812662,0.48098068753224693,Pure
9.569361300875165,10.080588350278044,518.1036849841876,0.7376269412173084,0.5521445689043589,140.02707251430937,0.47499569463976216,Pure
9.600778001377426,10.132264287919531,490.3670115525684,0.6875206248110783,0.5063640909286642,145.99601055130472,0.5015005659709724,Pure
9.51822182565155,9.513094456588334,518.8895068247907,0.6509341244092103,0.5831373514385709,152.9291748327586,0.5035553814879673,Impure
9.594442960755929,10.16353737201671,474.8068907830805,0.7681743158851846,0.559897850817721,159.48388887632714,0.485688597517111,Impure
10.183006773416357,9.678035966869752,523.6889993636316,0.607685269792465,0.5114932997059567,156.94121653967798,0.4853789158736436,Impure
9.571188648460229,10.461070317469455,502.85554256922416,0.7803523984270847,0.5093857284823357,140.4718992929106,0.5328555597906082,Impure
9.818975630293762,9.648662727753113,519.0378661977496,0.6922954929249469,0.5909626819436592,157.97121209349677,0.5289292848319685,Impure
10.344875310969455,9.914624123727023,497.13909707109804,0.7274402953616561,0.5669200262938079,155.66396826597253,0.48077958316807456,Impure
9.523271935735826,9.585349668078644,508.6146617117915,0.7318707844411565,0.5829286799316755,155.6075224714196,0.541378844387326,Pure
10.314468482588936,10.496874251845947,501.5841596561668,0.7790235481413073,0.5878978900282267,149.15991518007144,0.5452815017002507,Pure
9.7818547747734,10.002195010331242,513.8953713053199,0.7273339364334415,0.5571772352048322,147.96010585909005,0.4826742542030041,Pure
9.618164827621657,10.095385017320044,474.8977989218354,0.7227867169520124,0.5517446351755041,146.05831457666386,0.4854424948793055,Pure
10.196737165364151,9.567076477388428,473.6211250394338,0.613330408112138,0.543042741032099,141.31389717908732,0.500563415342196,Pure
10.128942846779884,10.249960470399177,484.8261940406088,0.7036816043890408,0.5316946587791119,144.564707269874,0.5441120812533674,Impure
10.377472013527052,9.709905593095586,479.5726808067913,0.6300338001634083,0.5434595960858711,144.93207269956048,0.5376319433142311,Impure
10.235071043803886,10.398054289440713,522.3070139955321,0.7474867537442972,0.5773879655730156,149.68154139420403,0.46025679625835897,Impure
10.303480930384849,9.705139640482008,483.15283924148264,0.702444384162535,0.5601923431015131,154.94888813193387,0.4892730743271416,Impure
9.782034572571307,9.690687720663666,528.5519153491479,0.7360455558416708,0.5892523289954846,149.47619656795894,0.5053371189749772,Impure
9.677439543779723,9.536549667848094,490.21374750626643,0.6083345801204768,0.5443380014379188,141.15688898894322,0.500313247255154,Impure
10.250614751640859,9.972066945109999,480.92707494132196,0.6169584032091606,0.5607089578718754,159.15579601976407,0.4693863067936893,Pure
10.306834739267265,10.064841133262616,517.3819104285487,0.7432646776125365,0.5631307553091989,158.85448638188225,0.5358816771168156,Impure
10.490505142000673,9.565708639428353,509.52246653005255,0.6144168671997347,0.5591697162306325,155.70379086296816,0.5176940782996837,Impure
9.912617676911427,10.27552761669501,499.8917429871883,0.6142513455530517,0.5702633773085516,159.8265580312844,0.5337908374851804,Impure
9.872018085792783,9.953288834748028,503.3218130562579,0.6024216950469775,0.5237433468374806,150.88964665600525,0.5358764279349473,Impure
10.276412960741997,10.02439026932758,513.1521066963359,0.791300279659896,0.551236377754579,159.25536700506413,0.524835585366574,Pure
9.840803540253019,9.940762746938228,483.7072844798779,0.7475016718918014,0.5104224802808348,141.512100812335,0.4939210601249718,Pure
10.430757325603565,9.900763060875326,529.7800349634045,0.6706502817004129,0.5384511327644812,147.31361496522743,0.5110546755015425,Impure
10.358412751843012,10.059640331308218,528.4875897288069,0.659307116257531,0.5487667068621265,144.5076253601353,0.4660365406119743,Pure
9.928994027375019,9.655240245930713,509.0195411808162,0.6699406459491699,0.5652224259545472,143.9166616826854,0.5173645417474908,Pure
10.250871067791497,9.68192813049527,481.9725470557487,0.7549307062362364,0.5950531052586203,142.81605897785352,0.4679253255739281,Impure
10.254542874084683,10.361785621013517,510.81369454587747,0.732274122214083,0.5600651066548356,152.44827283131994,0.5193949590510157,Impure
9.603123868835933,10.446115462133633,474.33190453875056,0.6370391135734936,0.5743593916176559,155.6264371149461,0.4729598160753969,Impure
10.402552906679567,9.873309316279753,471.8391501323484,0.6348218670668169,0.5506266059495203,151.5659679884072,0.461755130015022,Impure
10.005252372447858,9.770744673143554,485.46097331067284,0.6196791299426795,0.5634104031376331,142.9392541917642,0.46652844901429574,Impure
10.326457466107742,10.143999543239016,497.757377404359,0.7320605439402676,0.5070932216133773,156.22247539866942,0.45019921352190706,Pure
9.820049601030611,9.908734171098097,522.0963503245029,0.7528745324443472,0.5254391580841847,152.71909414327456,0.5218739617853531,Impure
10.3955232284962,9.525386355660345,513.6301441859785,0.6530092856650008,0.5361853093205139,147.7633141225399,0.5232401049058379,Impure
9.889201678734164,9.65615259736619,514.5623912719989,0.6041889922061825,0.5472493355006514,153.48260591072125,0.501493334991326,Impure
9.510837651480298,10.215972228847397,495.52960006688454,0.6164343334952854,0.5045648745502384,145.19809958485666,0.46613628010553837,Pure
10.405381976419264,10.158923941910151,490.7560995528178,0.7935720069690062,0.5140024097553317,146.90384416988422,0.45835543375106896,Impure
9.591286676786133,9.527095992503483,492.26232577907615,0.6590889554954841,0.5276814307791305,158.3497168626398,0.4519128966437287,Impure
9.819313637590415,9.72197216193295,529.2589738241635,0.7538446295676268,0.597153269090105,145.8100901134284,0.4665748176965221,Impure
10.450061967050805,9.731074796588072,472.40655148474895,0.7249327137708528,0.5331347007103051,149.39976536315874,0.5390855534983148,Pure
10.450607146937557,10.171892743598729,522.0218897673469,0.6763879279305792,0.5482041058112083,157.8028227479203,0.4741536841701682,Impure
10.073437888123285,9.519710537754364,504.7205245143436,0.641137452439111,0.5196097712738393,154.15442700535056,0.4854271327217216,Impure
10.131837212169799,9.604108581984574,496.3169251513754,0.6242772836318813,0.5610780071075768,141.24406452329404,0.46053454844813335,Impure
9.94844552197832,10.299916085373189,513.5154596249082,0.7230025936077733,0.5280683215515974,142.9460608855794,0.47223613047481705,Pure
9.793210771698064,9.678544662054334,499.2001364854822,0.7549267561275577,0.5206992578438426,140.15683181543832,0.5019224570780205,Impure
9.828664545369916,10.152746107851875,522.4053942848997,0.7287808507082262,0.5516572628445979,152.61843580458327,0.5107752683095653,Impure
10.172518456077038,9.738182781046726,524.0421118406755,0.7060604266498317,0.5005505799160421,148.95346850820837,0.47453523141662113,Impure
10.252374529437681,9.599441392759346,495.3032556124073,0.6083902446863272,0.5007664032649225,142.6854970180455,0.45577321592251174,Pure
10.291579043725848,9.743172190999454,486.6096678341031,0.7936977555188768,0.5219068809101858,159.1586824211354,0.4891032869127399,Impure
10.289618142794554,10.222266931855659,505.54101971560175,0.7597428383309149,0.5036721362500821,150.5931944789124,0.4734203370926334,Impure
9.591206103048691,10.355696468106286,524.7418007370014,0.658564407340193,0.5108025754130692,144.83786588225777,0.4719553923229802,Impure
9.994420304702581,10.330219864566992,482.63973134034,0.7959940658717701,0.5338860649338751,150.01207142309414,0.5459862802713455,Pure
9.557558760016644,9.897183529618454,507.37799501380897,0.7203763179272644,0.5802585679579813,153.59240665470216,0.5116300485925724,Pure
10.049528882323736,10.168085136570646,507.8936132055512,0.7164845316414493,0.5572048643369301,141.52478435947128,0.5056878443172096,Impure
9.941530501373377,9.704984295415821,513.9867813449168,0.7496146358859065,0.5512667725956416,145.49407630095783,0.4915775103523322,Pure
10.3877041827583,9.793147730261014,477.8940611076356,0.7623539576180276,0.5293488823208121,156.13930981767987,0.49289443334301447,Pure
9.850915012552079,10.39633581852112,512.9494978809253,0.7312957214663005,0.5931753719432816,149.1932974080532,0.5040905003838081,Pure
9.617067016427606,9.513001923510735,524.5419512399385,0.62561914927324,0.5397015041237192,150.9315428406459,0.5196429807036107,Impure
9.642991682052836,9.585508530854469,480.7809865322145,0.6676535011988997,0.5087092766795771,148.65632004418939,0.520214609618183,Impure
10.261510631717472,9.707886255146027,484.25259949543266,0.78561672806521,0.5617066516117801,140.87799885286012,0.467169390770545,Pure
10.118218063316261,9.52653220387382,528.2837056424984,0.6449231223687704,0.5113838393476602,143.31499559640312,0.5000112752076628,Pure
9.60112267612279,9.681435435089798,480.8586171625694,0.6744334047675027,0.5345223142801692,148.91083277483781,0.49119580950341024,Pure
9.584106806114997,10.083041560969692,521.2631056021747,0.6864153765888392,0.5507411938717809,144.18370930815857,0.5370526966269384,Impure
10.20096913145912,9.921424550592498,499.53667138688206,0.6878809979388905,0.5874222524685175,140.99958057319358,0.5131418921218377,Impure
9.572763006364193,10.392671711076975,484.83386446419064,0.7225879164989051,0.5493546580340118,156.87299328103649,0.5032504066415983,Pure
10.321860059290357,10.317443561738441,522.2449940763507,0.7886151675489416,0.5702258766031664,159.62385058328232,0.46153946421789177,Pure
10.206242227156496,9.841817351697877,496.71831530015993,0.648138542366501,0.599281683899907,155.8628574799348,0.5105637889323412,Pure
9.5813487806419,9.759423433431293,500.8890412357814,0.6243002752601836,0.5131489119897982,157.07569843409334,0.46172039056802333,Pure
9.584837714085191,9.879692408167267,491.55400216398596,0.6394940979719874,0.5274731525519519,144.8395426063409,0.48372065755657523,Impure
10.486639578501176,10.090294942514808,505.57705108609565,0.777384980041854,0.5394576075597646,159.21253951026398,0.4642841964814332,Pure
9.87427079575612,9.768063640822877,479.8114323551014,0.7291621625310412,0.5421828178538831,143.93851408906858,0.5192073647024369,Impure
9.87064214706689,10.124148907849134,493.46489219910563,0.657181357847832,0.5411021075265545,159.02859620723666,0.4706252113836153,Pure
10.312799567257503,9.90941165219124,528.1647393401172,0.7631893877937235,0.5907611002556554,159.896385879319,0.4891859373188026,Pure
10.447248577383858,10.05204718085198,485.48800596206763,0.7722739992726873,0.5714032644466857,154.234456114921,0.539567477761878,Pure
10.48600106382287,9.936126529135317,509.40419987247753,0.7693028677380557,0.5607905214090704,159.62287463583644,0.47043163833989704,Pure
10.253378185258942,9.794465759541918,489.5114038534817,0.7837853067279109,0.5309372717862783,151.39079559134208,0.5007805063958779,Pure
9.876259585530915,10.448453306962156,516.408387541196,0.6504482040346723,0.5823790384221295,145.1908356635218,0.49192716611660225,Impure
9.58350071669867,10.26360579415976,477.852419643101,0.7510083857492557,0.5955060511484989,148.73991771331242,0.45181240410457296,Pure
10.277146915927437,9.640113175766453,528.1892627047126,0.692107899454828,0.5821198282550226,151.8712187075757,0.5292758113572813,Pure
10.058404249735805,10.368467975897913,497.22737248301837,0.7683997105780124,0.5001565105191473,141.4616312405403,0.45690459063146,Pure
9.924222009246977,9.987431198249514,484.16302780078786,0.7456981354323227,0.5636401370183407,152.4468652923449,0.49742550209769537,Impure
10.406354385094737,10.394552226894092,474.40980483980076,0.755289489299945,0.5051135381442101,159.6235567352459,0.5060678294938951,Impure
9.611197482306151,10.299855255947316,480.18547430525246,0.7312323675362143,0.5257607220333722,143.80215299567456,0.5128426456614588,Impure
9.992625104290859,9.925213504469234,501.18643691336104,0.6354857538939414,0.5059524700347772,155.85190232576767,0.5188631629307876,Impure
9.51135364476742,9.522469308320117,490.22019058587716,0.7090053837793877,0.5603795452949387,158.1579758755924,0.47532723835227153,Pure
9.968660641994127,9.768677359384945,519.7330019529566,0.7969339479049017,0.5686589913492607,158.87403185640443,0.4509978776658449,Pure
9.556303275681838,10.041634214660867,495.8532514197084,0.7874776132994238,0.5114487638065905,159.20271208810894,0.5223443662354912,Pure
9.618817916268071,10.133478219826147,484.9228563552578,0.6086347471594024,0.5383838883044979,150.42919277442945,0.5035656599347579,Impure
9.617526246777105,9.757887685433202,507.0286991962418,0.6329629631458874,0.5456236508955542,159.54615815983007,0.5336117703207249,Pure
10.149210302116064,9.639356074072824,512.4066330131268,0.6263457546909124,0.5369053021760917,155.1462041426888,0.5321388362900694,Pure
10.246044879265423,10.334930236799298,480.022514474057,0.7451959819970592,0.5121025000485193,143.23342872473924,0.5343326167787883,Impure
10.083368765097159,10.484402180703553,480.05715297729904,0.7635570659713891,0.5418947790187475,149.5380021293594,0.49850946599795404,Impure
10.462172548474541,10.025690182302686,472.2002856160126,0.6427022732621344,0.5751178047808418,154.36662350744007,0.4833628395836866,Impure
9.874870579523703,9.671679285848304,514.1841209039384,0.7011705385903658,0.5071007664533256,144.94680631638167,0.529155820259137,Pure
9.78571208628186,9.77230732651937,509.8282716573083,0.7681406056022401,0.5080180014081903,152.81230367097774,0.49512941130292554,Pure
10.36859912818946,9.518390676547467,498.4778525449888,0.7465603089532502,0.5354771291835985,153.33200958093238,0.46834421964034345,Impure
9.723595838519453,10.414298806560499,520.6502269381518,0.7084474410983697,0.5941725711618925,143.2539948761713,0.5354974019561475,Pure
